player_name,player_id,mu,sigma,form,sg_ott,sg_app,sg_arg,sg_putt,TalentScore,Tier,OverallRating,Power,Approach,ShortGame,Putting,Consistency,DogFactor,ball_speed,driving_accuracy,gir_lt_125,gir_125_150,gir_150_175,gir_175_200,gir_200_plus,gir_fairway_pct,gir_nonfairway_pct,birdie_fairway_pct,birdie_rough_pct,go_for_it_pct,go_for_it_hit_pct,fairway_proximity,left_rough_proximity,right_rough_proximity,putt_inside_10_pct,putt_0_5,putt_5_10,putt_10_15,putt_15_20,putt_20_25,putt_25_plus,three_putt_rate,par3_scoring,par4_scoring,par5_scoring,sand_save_pct,scrambling_pct
Scottie Scheffler,46046,0.89,0.445,0.892,0.75,1.29,0.32,0.38,0.89,S,99,98,99,89,87,78,99,61,59,27,53,7,23,44,2,40,1,33,25,81,2,16,1,33,103,17,11,145,47,77,19,5,1,2,90,3
Tommy Fleetwood,30911,0.47,0.214,0.474,0.24,0.71,0.27,0.4,0.47,S,89,90,91,88,87,91,98,109,35,84,11,44,170,86,160,77,21,102,103,159,95,180,177,67,83,122,54,31,79,2,39,116,10,36,65,23
Collin Morikawa,50525,0.45,0.493,0.453,0.49,0.76,-0.05,-0.31,0.45,S,89,94,91,77,73,76,89,131,7,11,28,19,89,61,93,90,36,117,123,162,11,131,10,166,108,153,77,156,115,146,130,10,69,83,82,83
J.J. Spaun,39324,0.43,0.32,0.433,0.29,0.74,0.02,0.11,0.43,S,88,90,91,79,82,85,94,104,70,90,75,87,10,49,71,35,73,82,101,128,46,61,42,42,79,45,26,154,55,167,40,28,16,69,59,54
Viktor Hovland,46717,0.43,0.499,0.428,0.1,0.94,-0.13,-0.07,0.43,S,88,87,94,74,78,76,89,101,58,114,39,52,79,46,95,115,11,143,81,79,3,174,33,107,80,22,148,102,157,125,154,64,109,51,72,140
Rico Hoey,51696,0.4,0.779,0.4,0.68,0.67,-0.04,-0.97,0.4,S,87,97,90,77,60,60,79,71,18,13,102,4,7,63,10,9,54,48,23,2,8,30,32,177,168,180,169,116,134,148,177,49,16,13,176,121
Sepp Straka,49960,0.39,0.308,0.386,0.23,0.68,-0.07,0.24,0.39,S,87,89,90,76,84,86,93,155,30,17,28,81,51,6,6,161,18,82,28,63,13,26,149,52,51,96,30,44,72,84,27,20,42,10,95,96
Russell Henley,34098,0.37,0.227,0.37,0.07,0.58,0.45,0.22,0.37,S,87,87,89,94,84,90,96,170,12,31,50,14,25,72,67,55,25,101,172,135,12,87,118,119,68,103,15,171,4,61,70,10,10,69,53,21
Patrick Cantlay,35450,0.36,0.226,0.365,0.3,0.56,0.04,0.16,0.36,S,86,91,89,80,82,90,95,59,117,32,12,42,49,155,12,8,20,29,46,146,37,118,26,136,139,107,29,92,30,41,64,116,2,138,117,87
Shane Lowry,33204,0.36,0.392,0.363,0.08,0.76,0.04,-0.12,0.36,A,86,87,91,80,77,81,90,115,60,93,95,60,39,46,144,149,163,25,148,157,27,177,123,142,54,150,62,126,101,92,51,20,91,169,99,37
Rory McIlroy,28237,0.35,0.289,0.349,0.67,0.16,0.12,0.6,0.35,A,86,97,83,82,91,87,93,7,177,147,57,159,148,22,23,31,14,103,5,130,35,179,123,72,71,82,108,1,69,11,148,20,27,5,108,15
Kurt Kitayama,48117,0.33,0.351,0.334,0.54,0.39,0.17,-0.27,0.33,A,86,95,86,84,74,84,91,26,135,90,128,113,53,32,52,82,28,9,14,22,1,2,52,145,159,86,88,166,139,89,45,101,16,5,135,117
Ben Griffin,54591,0.33,0.154,0.332,0.2,0.47,0.15,0.41,0.33,A,86,89,87,84,87,94,97,62,101,42,76,58,100,20,46,44,51,122,26,118,154,171,27,41,122,20,36,22,160,79,38,5,27,17,22,20
Aaron Rai,46414,0.33,0.282,0.33,0.39,0.48,0.08,-0.13,0.33,A,86,92,87,81,77,87,93,148,2,53,4,16,41,41,47,82,127,38,90,70,169,97,30,70,44,96,137,158,97,149,150,179,16,28,45,101
Si Woo Kim,37455,0.31,0.372,0.31,0.34,0.42,0.35,-0.37,0.31,A,85,91,87,90,72,82,89,149,20,78,152,104,22,59,161,95,66,35,30,126,90,68,64,112,152,59,134,178,153,135,62,101,27,28,23,40
Nicolai H√∏jgaard,52453,0.31,0.364,0.309,0.21,0.6,-0.29,0.19,0.31,A,85,89,89,69,83,83,90,2,171,24,14,77,9,9,5,31,43,4,1,54,65,161,18,18,66,67,173,32,54,100,59,10,109,5,138,162
Kevin Yu,45242,0.3,0.336,0.304,0.62,0.31,-0.14,0.01,0.3,A,85,96,85,73,80,84,91,39,55,32,26,21,31,39,7,145,13,53,4,24,43,164,50,103,92,149,72,58,60,69,65,20,42,22,145,159
Ben Kohles,36884,0.29,0.489,0.288,0.16,0.66,-0.02,-0.53,0.29,A,85,88,90,78,69,76,86,150,4,2,22,2,3,11,11,125,72,159,144,71,16,30,69,171,163,143,69,159,150,54,155,49,16,127,158,59
Daniel Berger,40026,0.29,0.351,0.286,0.41,0.46,-0.19,-0.15,0.29,A,85,93,87,72,76,83,90,102,25,49,136,48,18,79,56,96,136,104,69,121,56,106,88,115,57,151,103,157,20,160,162,158,69,145,174,47
Keegan Bradley,33141,0.28,0.213,0.281,0.32,0.28,0.44,-0.06,0.28,A,84,91,84,93,78,91,94,96,79,107,84,141,137,76,125,100,83,90,117,169,56,44,72,115,136,100,149,30,129,94,31,86,27,101,49,31
Doug Ghim,52375,0.27,0.587,0.268,0.3,0.53,0.14,-0.81,0.27,A,84,91,88,83,63,71,82,123,45,18,45,36,26,58,50,13,127,121,60,102,22,68,128,163,161,158,175,172,154,140,117,86,42,51,107,94
Xander Schauffele,48081,0.26,0.328,0.262,0.08,0.58,-0.02,-0.18,0.26,A,84,87,89,78,76,85,90,15,158,141,139,69,129,108,9,126,150,14,2,17,37,68,103,51,44,84,154,119,163,167,67,146,138,3,122,136
Akshay Bhatia,56630,0.26,0.348,0.258,0.02,0.57,-0.24,0.28,0.26,A,84,86,89,70,85,84,90,85,94,128,118,110,32,23,38,148,3,128,96,87,9,108,107,36,35,24,55,108,62,41,26,10,42,145,46,153
Robert MacIntyre,52215,0.25,0.088,0.249,0.23,0.31,0.1,0.25,0.25,A,84,89,85,82,84,98,98,75,77,40,59,73,69,54,69,62,59,65,56,82,77,36,85,19,51,33,57,128,142,81,84,37,69,28,13,58
Pierceson Coody,59836,0.25,0.414,0.249,0.79,0.06,-0.01,-0.13,0.25,A,84,99,81,78,77,80,87,28,56,69,1,97,50,2,4,14,7,60,3,6,51,36,74,82,54,136,27,169,86,179,110,131,4,1,92,43
Corey Conners,39997,0.25,0.241,0.248,0.39,0.32,-0.15,0.13,0.25,A,84,92,85,73,82,89,93,81,23,61,78,25,97,26,33,154,60,154,108,85,22,146,138,127,78,125,146,18,73,7,134,101,42,101,120,109
Lee Hodges,54628,0.25,0.202,0.246,0.08,0.46,0.06,0.06,0.25,A,84,87,87,80,80,92,94,125,38,23,56,43,46,7,15,42,49,40,31,113,43,94,129,55,47,99,86,125,104,172,71,28,16,28,105,13
Jordan Spieth,34046,0.24,0.067,0.243,0.31,0.23,0.2,0.15,0.24,A,84,91,84,85,82,99,98,68,129,117,175,82,118,139,142,46,101,59,52,131,125,68,88,129,164,89,99,147,6,30,47,171,69,36,49,89
Justin Thomas,33448,0.24,0.12,0.242,0.08,0.32,0.26,0.34,0.24,A,84,87,85,87,86,96,96,53,169,162,150,117,91,76,42,84,2,18,24,115,99,21,44,81,99,74,53,23,50,21,8,86,16,69,27,99
Lucas Glover,25900,0.23,0.319,0.234,0.12,0.46,0.16,-0.32,0.23,A,83,87,87,84,73,85,89,166,14,34,48,130,56,175,166,158,50,158,170,176,13,138,155,148,157,104,71,105,166,58,151,10,138,145,81,76
Hideki Matsuyama,32839,0.23,0.341,0.234,-0.17,0.48,0.48,-0.03,0.23,A,83,82,87,94,79,84,89,96,124,59,155,127,138,123,69,172,14,118,127,31,4,58,129,152,150,110,12,101,18,116,153,28,69,69,2,10
Victor Perez,47679,0.23,0.288,0.232,0.09,0.48,-0.22,0.22,0.23,A,83,87,87,71,84,87,91,78,39,25,16,13,20,14,58,7,135,46,57,88,163,4,9,48,56,123,74,150,97,126,108,64,16,69,128,77
Ryan Gerard,59018,0.23,0.316,0.231,0.16,0.46,0.05,-0.31,0.23,A,83,88,87,80,73,85,89,99,53,153,62,61,149,101,153,79,153,88,44,124,84,154,149,168,143,176,152,14,106,55,112,49,91,145,93,116
Bud Cauley,34021,0.23,0.157,0.226,0.15,0.38,0.0,0.12,0.23,A,83,88,86,78,82,94,95,127,82,76,112,71,26,171,110,116,131,70,118,114,72,18,160,85,119,78,9,119,70,108,103,116,91,127,56,78
Nick Taylor,25493,0.22,0.184,0.22,0.0,0.43,0.1,0.13,0.22,A,83,85,87,82,82,92,93,153,24,35,9,83,30,34,54,129,112,56,134,21,150,78,16,127,106,95,104,12,46,120,126,37,69,101,101,29
Taylor Pendrith,40250,0.22,0.259,0.218,0.54,0.13,-0.03,0.03,0.22,A,83,95,82,77,80,88,91,25,119,30,105,101,58,84,40,43,76,51,34,13,77,26,129,120,91,146,20,152,24,109,138,64,124,17,95,130
Keith Mitchell,39546,0.21,0.31,0.207,0.53,0.17,-0.19,-0.01,0.21,B,83,95,83,72,79,86,90,48,96,92,67,106,8,27,35,12,40,22,8,51,56,6,31,150,135,91,85,48,115,69,179,116,10,13,52,41
Maverick McNealy,46442,0.21,0.186,0.205,0.18,0.28,-0.08,0.35,0.21,B,83,89,84,76,86,92,93,57,113,21,91,62,77,141,44,81,39,145,82,26,114,172,138,118,39,133,32,8,145,48,57,116,42,69,148,128
Michael Kim,39975,0.2,0.165,0.201,0.04,0.37,0.16,-0.0,0.2,B,83,86,86,84,79,93,94,108,118,133,87,105,64,102,148,103,165,96,122,78,56,118,6,7,28,11,161,86,178,176,67,171,69,83,1,27
Chris Kirk,30926,0.2,0.285,0.199,0.12,0.39,0.12,-0.3,0.2,B,83,87,86,83,73,87,91,137,83,44,28,152,108,50,78,75,78,75,80,88,27,118,85,95,154,117,168,59,81,33,84,116,27,115,160,65
Thorbj√∏rn Olesen,33968,0.2,0.136,0.198,0.22,0.21,0.02,0.35,0.2,B,83,89,83,79,86,95,95,89,43,6,15,17,47,130,8,10,45,161,100,7,90,109,171,112,58,141,47,109,39,25,57,5,69,28,168,91
Gary Woodland,31323,0.2,0.36,0.197,0.25,0.36,-0.43,0.23,0.2,B,82,90,86,64,84,83,87,9,115,102,154,86,62,18,103,89,120,78,62,90,16,34,76,46,34,35,100,75,159,151,27,49,91,127,131,123
Steven Fisk,57123,0.19,0.378,0.191,0.39,0.2,0.2,-0.47,0.19,B,82,92,83,85,70,82,87,76,86,52,124,10,88,62,1,23,104,47,48,11,84,16,118,151,173,127,109,138,99,128,134,158,27,28,167,105
Michael Thorbjornsen,57364,0.19,0.357,0.189,0.59,0.12,-0.23,-0.09,0.19,B,82,96,82,71,78,83,87,33,48,10,7,37,37,13,21,2,48,41,18,19,31,47,157,64,10,94,92,165,147,162,129,49,10,10,163,118
Joseph Bramlett,34255,0.19,0.58,0.187,0.31,0.28,0.35,-0.84,0.19,B,82,91,84,90,62,71,81,13,150,74,104,67,4,4,88,17,27,109,64,34,6,112,4,176,179,173,135,177,172,135,169,86,91,22,177,103
Alex Smalley,46340,0.18,0.166,0.183,0.41,0.08,0.12,0.04,0.18,B,82,92,82,83,80,93,93,82,50,38,93,38,114,37,101,30,35,123,17,23,69,13,142,112,136,68,130,4,115,118,145,101,4,51,74,24
Emiliano Grillo,31646,0.18,0.265,0.181,0.18,0.3,-0.26,0.29,0.18,B,82,89,85,70,85,88,90,129,13,79,74,78,21,66,60,73,109,89,132,117,27,146,107,37,38,39,81,74,169,72,15,64,42,83,79,99
Adam Scott,24502,0.18,0.192,0.175,0.35,0.17,0.03,-0.1,0.18,B,82,91,83,79,77,92,93,27,125,29,126,115,159,104,107,36,132,8,107,14,84,116,15,111,58,167,155,129,48,40,84,131,152,17,11,155
Sami Valimaki,52666,0.17,0.444,0.173,-0.3,0.52,-0.16,0.55,0.17,B,82,80,88,73,90,79,85,120,65,21,47,24,109,67,65,48,17,21,129,41,35,68,138,2,42,4,21,132,21,102,94,37,27,69,169,72
Thomas Rosenmueller,60882,0.17,0.515,0.17,0.35,0.41,-0.38,-0.61,0.17,B,82,91,86,65,67,75,83,50,64,63,81,5,6,32,17,5,73,78,36,93,6,178,78,149,130,128,159,110,158,156,157,64,42,83,179,154
Davis Thompson,58168,0.17,0.311,0.169,0.46,0.09,0.14,-0.3,0.17,B,82,93,82,83,73,86,89,83,49,88,42,45,37,116,16,143,19,135,51,60,31,66,121,133,114,137,157,60,155,138,161,101,42,43,152,127
Chris Gotterup,59095,0.17,0.28,0.169,0.57,-0.01,0.03,0.0,0.17,B,82,95,80,79,79,87,90,10,154,102,36,31,81,43,42,3,109,23,16,106,142,58,13,32,15,64,113,160,136,39,110,37,10,36,62,19
Ludvig √Öberg,52955,0.16,0.275,0.163,0.52,0.04,-0.11,0.05,0.16,B,82,94,81,75,80,88,90,19,110,172,63,169,155,30,99,122,33,147,63,75,5,98,134,135,139,111,35,117,55,10,97,131,42,43,28,80
Greyson Sigg,51890,0.16,0.349,0.157,0.05,0.39,0.07,-0.45,0.16,B,82,86,86,81,70,84,88,165,33,5,25,85,147,29,37,96,164,148,149,30,21,115,92,97,18,170,176,51,167,170,125,64,42,101,127,33
Henrik Norlander,30163,0.16,0.46,0.155,-0.3,0.67,-0.21,-0.24,0.16,B,81,80,90,71,75,78,84,145,43,9,69,29,34,97,56,63,141,77,84,40,51,87,166,125,131,140,130,35,103,174,74,64,91,115,19,53
Patrick Fishburn,54576,0.15,0.136,0.152,0.26,0.14,-0.06,0.17,0.15,B,81,90,82,76,83,95,93,46,127,16,20,15,82,24,29,6,46,85,35,46,125,36,172,40,44,111,42,33,75,130,82,86,16,115,173,125
Antoine Rozner,46646,0.15,0.373,0.148,0.06,0.46,-0.32,-0.32,0.15,B,81,87,87,68,73,82,86,70,123,15,96,89,55,8,34,61,29,94,65,25,10,98,83,88,170,48,170,106,125,59,151,3,164,43,154,177
Ricky Castillo,59440,0.14,0.206,0.145,0.36,0.06,0.16,-0.14,0.14,B,81,92,81,84,77,91,91,76,91,8,18,147,133,40,94,1,147,30,66,45,114,41,19,74,97,128,65,163,130,124,122,158,4,83,119,16
Ryan Fox,29936,0.14,0.16,0.145,-0.05,0.3,0.02,0.19,0.14,B,81,85,85,79,83,94,93,29,173,81,88,70,158,120,60,118,94,15,104,163,31,56,65,77,116,51,91,26,133,87,17,116,138,63,121,166
Luke Clanton,66743,0.14,0.308,0.141,0.31,0.24,-0.24,-0.27,0.14,B,81,91,84,70,74,86,88,14,114,106,92,18,102,12,19,20,93,63,10,58,25,82,54,175,127,171,125,19,135,15,132,146,91,8,180,168
Mac Meissner,59143,0.14,0.244,0.14,-0.17,0.34,0.28,-0.03,0.14,B,81,82,85,88,79,89,90,139,99,95,46,97,54,105,85,140,64,175,106,92,69,24,151,77,84,52,139,123,86,101,84,37,42,101,21,5
Zac Blair,40058,0.14,0.36,0.139,-0.29,0.54,-0.02,-0.14,0.14,B,81,80,88,78,77,83,87,175,15,51,27,153,68,19,139,130,41,167,171,63,109,73,39,172,158,147,43,162,96,26,78,28,42,115,69,81
Matt Fitzpatrick,40098,0.13,0.11,0.133,0.1,0.12,0.1,0.33,0.13,B,81,87,82,82,86,96,94,49,81,75,173,63,172,3,111,102,101,133,74,63,125,174,78,56,12,46,31,91,113,154,98,49,124,22,7,48
Max McGreevy,51950,0.13,0.234,0.129,0.4,0.07,-0.11,-0.08,0.13,B,81,92,81,75,78,90,91,158,11,20,52,96,127,38,82,107,69,156,19,53,135,51,116,155,132,128,164,55,115,18,56,86,42,22,87,134
Kevin Roy,39335,0.12,0.132,0.121,0.29,0.03,0.01,0.19,0.12,B,81,90,81,79,83,95,93,87,34,41,59,80,95,52,20,142,103,62,85,15,18,8,96,28,7,126,120,65,27,44,6,86,4,51,116,55
Harry Hall,57975,0.12,0.44,0.117,-0.07,-0.02,0.38,0.88,0.12,B,81,84,80,91,97,79,84,111,131,56,94,149,111,161,164,72,4,32,91,156,158,135,73,3,1,9,1,17,101,50,3,5,4,17,80,6
Jesper Svensson,57586,0.12,0.306,0.117,0.55,-0.13,0.09,-0.06,0.12,B,81,95,79,81,78,86,88,11,144,65,109,161,141,98,39,28,55,5,14,47,125,20,81,120,156,61,61,66,62,79,158,101,69,8,97,139
J.T. Poston,49771,0.11,0.069,0.114,0.16,0.08,0.19,0.04,0.11,B,81,88,82,85,80,99,96,143,26,129,99,124,13,152,115,152,125,115,131,110,160,34,136,99,155,52,32,114,132,86,77,86,69,127,66,71
Austin Eckroat,57362,0.11,0.299,0.113,0.21,0.25,-0.4,-0.05,0.11,B,80,89,84,65,78,86,87,122,27,81,51,106,23,91,45,121,90,52,74,9,72,42,20,92,87,85,117,79,106,118,117,37,109,127,25,170
Ryo Hisatsune,51287,0.11,0.175,0.112,0.14,0.15,0.14,-0.2,0.11,B,80,88,83,83,75,93,91,133,70,25,58,22,66,107,53,52,143,131,111,83,90,5,162,60,123,71,156,98,35,159,63,37,109,83,15,68
Jake Knapp,47420,0.11,0.246,0.108,0.25,0.0,-0.09,0.46,0.11,B,80,90,80,75,88,89,89,12,157,3,110,103,146,138,87,25,8,13,27,10,99,63,25,15,21,50,52,64,15,23,42,131,16,4,42,39
Rickie Fowler,32102,0.1,0.144,0.104,0.28,0.04,-0.06,0.08,0.1,B,80,90,81,76,81,95,93,92,52,120,102,166,151,76,121,133,83,111,73,37,84,149,123,54,20,118,111,143,89,76,1,49,42,83,94,25
Cameron Young,57366,0.1,0.35,0.099,0.32,-0.12,-0.03,0.64,0.1,B,80,91,79,77,92,84,86,18,167,177,133,116,154,90,136,76,9,24,22,133,150,109,13,30,49,14,15,70,89,3,46,131,69,51,58,95
Jhonattan Vegas,27064,0.09,0.242,0.09,0.26,0.12,-0.1,-0.28,0.09,B,80,90,82,75,74,89,89,21,165,145,55,95,112,71,106,34,170,2,32,97,137,123,103,160,139,159,67,140,136,65,160,131,152,145,156,148
Joel Dahmen,34076,0.09,0.209,0.09,0.19,0.16,-0.11,-0.24,0.09,B,80,89,83,75,75,91,90,162,6,57,169,31,113,5,140,134,154,57,157,5,56,14,5,107,144,119,158,146,77,19,147,86,42,101,163,84
Harris English,34099,0.09,0.226,0.089,0.26,-0.07,0.0,0.42,0.09,B,80,90,79,78,88,90,90,79,74,168,101,75,29,114,150,41,171,128,99,167,166,7,167,5,8,31,145,62,128,65,11,64,69,83,34,18
Sam Burns,47504,0.09,0.501,0.087,0.15,-0.12,-0.01,0.98,0.09,B,80,88,79,78,99,75,81,50,97,65,151,139,103,89,121,137,10,36,53,129,109,73,27,1,11,2,7,85,43,14,3,37,27,51,26,73
Denny McCarthy,47993,0.08,0.4,0.078,-0.26,0.2,-0.03,0.68,0.08,B,80,81,83,78,93,81,85,136,89,62,28,76,86,136,91,165,124,73,113,55,114,161,164,14,6,55,6,82,3,32,36,10,91,138,85,51
Matt Wallace,48887,0.07,0.27,0.069,-0.16,0.09,0.48,0.04,0.07,B,79,83,82,95,80,88,88,94,107,127,17,40,143,141,119,19,87,106,77,80,166,18,58,143,129,160,44,93,86,84,163,146,42,13,88,21
Garrick Higgo,54421,0.07,0.329,0.069,0.13,-0.11,0.11,0.66,0.07,B,79,88,79,82,93,85,86,17,128,139,127,120,52,46,3,17,5,1,9,151,114,176,96,90,26,105,5,40,19,1,72,1,2,22,172,7
Aldrich Potgieter,63343,0.07,0.403,0.066,0.57,-0.14,-0.37,0.12,0.07,B,79,95,78,66,82,81,84,1,156,159,162,57,161,140,138,147,58,119,11,103,133,149,45,65,90,116,22,52,109,163,27,101,124,145,57,174
Jackson Suber,60019,0.06,0.195,0.062,-0.14,0.27,-0.15,0.04,0.06,B,79,83,84,73,80,92,90,64,137,142,128,106,28,16,18,113,30,138,50,57,31,131,81,98,81,58,116,28,146,63,164,49,124,43,142,109
Seamus Power,28252,0.06,0.143,0.057,0.06,0.11,0.08,-0.2,0.06,B,79,86,82,81,75,95,92,107,51,39,106,132,14,133,80,64,107,114,154,8,51,106,175,101,28,138,63,87,180,164,126,28,69,69,63,49
Matt McCarty,59141,0.05,0.212,0.054,0.09,-0.06,0.05,0.44,0.05,B,79,87,80,80,88,91,89,159,37,163,35,34,84,75,153,71,16,168,89,160,123,52,2,13,3,37,98,46,13,114,69,10,69,63,136,28
Stephan Jaeger,36799,0.05,0.31,0.054,-0.37,0.22,0.27,0.25,0.05,B,79,79,84,88,84,86,87,43,163,124,157,56,90,156,156,114,44,16,79,112,99,30,178,22,109,15,107,115,57,29,47,86,109,115,31,106
Chan Kim,34587,0.05,0.266,0.053,-0.2,0.27,0.13,-0.29,0.05,B,79,82,84,83,73,88,88,105,86,95,72,41,36,125,83,87,143,104,70,33,90,114,3,141,51,175,166,123,48,22,55,10,138,51,129,98
Niklas Norgaard,35706,0.05,0.473,0.053,0.63,-0.18,-0.48,0.16,0.05,B,79,96,78,62,83,77,82,4,175,108,83,136,92,1,13,21,41,19,12,36,83,42,157,86,120,166,18,11,31,89,171,64,138,43,149,180
Brian Harman,27644,0.05,0.062,0.051,-0.02,0.07,0.13,0.04,0.05,B,79,85,81,83,80,99,94,168,54,70,108,92,160,92,117,162,115,153,135,67,72,126,10,76,39,98,64,151,109,102,42,101,109,115,33,66
Matti Schmid,48867,0.05,0.251,0.046,0.11,0.06,-0.3,0.3,0.05,B,79,87,81,68,85,89,88,22,140,153,165,20,4,20,79,54,69,12,33,4,13,52,54,71,87,77,3,89,94,68,66,20,109,43,143,150
Mark Hubbard,36801,0.04,0.106,0.044,-0.02,0.09,-0.06,0.18,0.04,B,79,85,82,76,83,97,93,113,67,132,170,33,104,44,55,107,34,165,88,20,65,23,69,84,31,134,19,139,127,104,19,64,69,63,130,85
Justin Rose,22405,0.04,0.227,0.042,-0.25,0.25,-0.07,0.16,0.04,C,79,81,84,76,82,90,89,126,122,98,153,126,153,159,151,175,22,91,128,109,133,123,88,105,95,92,34,119,37,13,132,28,167,51,68,160
Matt Kuchar,23108,0.04,0.276,0.041,-0.26,0.1,0.26,0.37,0.04,C,79,81,82,87,87,88,88,179,28,111,6,121,165,146,132,49,133,68,177,178,99,30,12,9,5,19,60,52,58,133,5,64,4,145,83,4
Andrew Novak,51997,0.04,0.108,0.04,0.04,-0.04,0.16,0.2,0.04,C,79,86,80,84,83,97,93,134,138,173,137,128,177,166,109,178,71,173,95,98,90,151,91,42,25,36,167,57,75,35,14,146,152,36,35,93
David Skinns,27139,0.04,0.238,0.04,-0.21,0.29,-0.04,-0.22,0.04,C,79,82,85,77,75,90,89,36,121,37,10,64,12,96,75,58,100,41,86,71,27,47,71,152,111,169,96,42,36,99,158,116,69,127,102,135
Jason Day,28089,0.04,0.173,0.039,0.09,-0.11,0.3,0.17,0.04,C,79,87,79,89,83,93,91,112,84,122,13,129,118,115,152,80,79,69,37,168,174,151,180,77,64,109,162,27,95,31,31,131,27,101,109,70
Nico Echavarria,51349,0.04,0.417,0.038,-0.06,0.08,-0.32,0.67,0.04,C,79,84,82,68,93,80,83,151,40,136,89,46,41,123,124,120,31,112,115,38,109,47,21,4,61,7,38,38,2,115,112,3,109,63,39,74
Andrew Putnam,34256,0.04,0.549,0.036,-0.69,0.29,0.46,0.44,0.04,C,79,73,85,94,88,73,79,174,5,45,2,1,2,109,86,139,117,149,173,171,146,98,29,9,9,62,10,168,45,34,24,20,42,83,17,9
Lanto Griffin,35310,0.04,0.137,0.035,-0.08,0.15,-0.14,0.1,0.04,C,79,84,83,74,81,95,92,84,78,163,130,111,106,51,137,68,152,66,126,111,77,11,146,132,62,157,49,167,17,77,145,20,152,115,163,119
Vince Whaley,51894,0.03,0.152,0.031,-0.0,-0.05,0.2,0.26,0.03,C,79,85,80,85,85,94,91,35,147,58,122,55,61,70,67,24,73,98,78,145,125,52,65,6,2,13,124,170,164,38,10,2,69,10,24,8
Tom Kim,55182,0.03,0.195,0.026,-0.2,0.15,0.2,-0.1,0.03,C,78,82,83,85,77,92,89,141,102,161,120,100,145,131,175,132,156,75,143,154,154,166,23,105,142,63,165,164,44,98,134,168,138,138,77,113
Kris Ventura,35658,0.03,0.186,0.026,0.12,-0.04,-0.14,0.29,0.03,C,78,87,80,74,85,92,89,44,63,60,139,27,44,54,14,99,57,98,145,93,22,92,21,52,101,40,70,24,33,65,16,64,42,43,157,124
Nick Hardy,47988,0.03,0.184,0.025,0.13,0.09,-0.24,-0.17,0.03,C,78,88,82,70,76,92,89,65,125,68,67,3,71,35,66,4,180,3,71,142,142,8,8,158,12,171,118,7,151,131,112,131,91,138,122,142
Carson Young,52513,0.02,0.216,0.024,0.17,0.07,-0.32,-0.12,0.02,C,78,88,81,68,77,91,89,160,19,71,28,54,33,52,90,66,149,86,121,165,47,156,152,61,19,80,90,140,136,144,142,37,42,169,47,50
David Lipsky,36326,0.02,0.281,0.024,-0.26,0.27,0.09,-0.32,0.02,C,78,81,84,81,73,87,86,171,36,101,38,117,66,60,49,171,96,157,160,147,51,143,138,137,167,56,180,136,25,46,138,86,138,22,28,42
Erik van Rooyen,40006,0.02,0.248,0.019,0.19,0.02,-0.03,-0.4,0.02,C,78,89,81,78,71,89,87,63,111,73,21,171,134,74,129,33,82,17,49,84,77,29,144,173,148,174,114,62,65,94,84,116,138,69,171,179
Isaiah Salinda,56781,0.02,0.46,0.018,0.52,-0.13,-0.11,-0.61,0.02,C,78,94,78,75,67,78,81,30,68,72,61,30,40,126,22,136,26,87,6,76,72,138,112,178,180,163,79,5,108,55,180,101,91,115,36,114
Nate Lashley,28775,0.02,0.124,0.016,-0.1,0.15,-0.04,-0.13,0.02,C,78,84,83,77,77,96,91,156,98,77,33,137,15,111,116,11,155,116,138,18,56,47,34,73,76,60,25,179,174,93,34,146,69,101,147,12
Trey Mullinax,46601,0.01,0.133,0.012,0.04,0.06,-0.22,0.04,0.01,C,78,86,81,71,80,95,91,24,172,134,69,8,17,121,24,16,63,6,29,95,37,73,41,75,14,144,94,69,39,175,51,101,69,51,163,169
Adam Svensson,40115,0.01,0.405,0.012,-0.25,0.24,0.26,-0.58,0.01,C,78,81,84,87,68,81,83,142,29,50,78,102,19,42,48,135,141,180,110,32,69,87,174,101,98,131,177,175,140,106,59,37,124,69,40,86
Sam Stevens,55893,0.01,0.237,0.011,0.3,-0.25,0.18,0.06,0.01,C,78,91,77,85,81,90,88,74,109,138,114,59,59,110,113,86,143,139,98,77,77,57,129,99,30,139,128,49,143,64,78,86,69,145,70,35
Max Greyserman,51977,0.01,0.155,0.011,-0.07,-0.03,0.14,0.26,0.01,C,78,84,80,83,85,94,90,47,152,115,171,91,173,122,36,168,38,26,55,73,142,46,74,82,60,93,13,34,111,117,94,116,109,36,51,122
Sam Ryder,37275,0.01,0.368,0.008,-0.2,0.04,-0.09,0.63,0.01,C,78,82,81,75,92,83,84,118,88,123,145,50,65,87,127,93,37,72,87,100,37,79,144,24,49,12,4,67,23,12,19,10,42,164,40,36
Rasmus H√∏jgaard,52686,0.0,0.124,0.003,0.18,-0.1,-0.02,-0.05,0.0,C,78,89,79,78,78,96,91,3,155,64,64,65,176,54,31,101,24,58,7,3,119,98,115,129,171,65,84,131,149,47,165,131,91,83,141,178
Alejandro Tosti,38991,-0.0,0.409,-0.0,0.35,-0.16,0.17,-0.58,-0.0,C,78,91,78,84,68,80,82,16,147,148,180,176,57,84,178,57,173,28,13,16,56,168,7,174,176,165,174,83,5,147,99,146,91,63,134,81
Patrick Rodgers,36699,-0.0,0.115,-0.002,0.12,-0.13,0.11,0.04,-0.0,C,78,87,79,82,80,96,91,54,103,166,107,90,74,167,83,128,92,152,58,140,95,52,92,90,102,108,93,43,120,43,84,64,27,83,140,32
Taylor Moore,49947,-0.01,0.243,-0.013,0.15,-0.21,0.32,-0.12,-0.01,C,77,88,77,89,77,89,87,41,115,97,116,175,16,64,64,69,108,43,42,29,148,126,107,45,133,43,144,95,171,74,76,64,109,17,170,112
Eric Cole,47591,-0.01,0.331,-0.015,-0.48,0.19,0.14,0.22,-0.01,C,77,77,83,83,84,85,84,117,133,165,147,147,140,148,104,170,80,34,146,170,37,84,153,89,72,27,126,132,68,5,53,28,69,164,54,45
Thomas Detry,33653,-0.02,0.16,-0.022,0.17,-0.16,-0.08,0.13,-0.02,C,77,88,78,76,82,94,89,37,143,125,145,71,121,81,145,94,130,84,133,49,56,167,103,57,24,66,46,112,77,169,138,168,109,157,32,102
Jacob Bridgeman,60004,-0.02,0.23,-0.023,-0.09,-0.11,0.1,0.39,-0.02,C,77,84,79,82,87,90,87,116,92,113,132,93,105,111,147,131,51,54,136,138,119,135,99,93,23,32,8,6,84,111,137,37,91,127,60,30
Thriston Lawrence,45523,-0.02,0.225,-0.024,0.23,-0.1,-0.12,-0.31,-0.02,C,77,89,79,74,73,90,87,124,61,118,111,11,168,15,140,26,151,128,72,104,164,24,101,146,147,156,51,70,148,153,177,86,167,157,161,163
Christiaan Bezuidenhout,45522,-0.03,0.373,-0.028,-0.38,-0.01,0.31,0.46,-0.03,C,77,79,80,89,89,82,83,169,32,116,36,26,76,144,130,155,118,172,176,173,138,172,76,62,39,75,57,9,156,20,42,146,16,145,84,14
Chad Ramey,47983,-0.04,0.137,-0.038,0.01,-0.11,-0.09,0.19,-0.04,C,77,86,79,75,83,95,90,146,46,43,138,114,131,36,97,59,96,154,159,139,99,79,107,39,125,10,170,70,9,161,13,5,91,83,48,61
Trevor Cone,49453,-0.04,0.263,-0.039,0.28,-0.15,-0.13,-0.35,-0.04,C,77,90,78,74,72,88,86,20,106,81,97,131,35,106,27,47,179,44,47,44,138,3,54,134,175,101,136,148,74,178,169,146,109,63,133,151
Byeong Hun An,33948,-0.04,0.384,-0.04,0.39,-0.32,0.18,-0.4,-0.04,C,77,92,76,84,71,82,83,67,164,131,139,146,124,164,62,70,61,146,59,158,148,112,49,165,76,179,110,104,114,149,72,158,27,176,89,88
William Mouw,63121,-0.04,0.274,-0.04,0.3,-0.26,-0.2,0.18,-0.04,C,77,90,77,72,83,88,86,58,72,105,135,84,48,10,25,21,99,141,54,62,109,126,147,63,67,72,76,47,164,82,142,37,27,115,3,64
Ben Martin,33413,-0.04,0.096,-0.04,-0.17,0.01,0.03,0.03,-0.04,C,77,82,81,79,80,97,91,138,73,46,53,122,83,31,89,50,81,136,124,69,138,36,161,17,35,162,130,154,66,28,78,28,138,13,110,131
Wyndham Clark,51766,-0.04,0.246,-0.042,0.09,-0.28,0.3,0.14,-0.04,C,77,87,76,88,82,89,87,6,160,156,98,163,142,65,71,146,46,31,94,43,65,66,85,49,64,42,120,21,38,155,47,116,91,51,118,126
Brandt Snedeker,27649,-0.04,0.348,-0.043,-0.31,-0.03,0.05,0.53,-0.04,C,77,80,80,80,90,84,84,177,10,48,81,53,78,145,128,109,90,169,175,134,150,22,68,28,33,18,45,117,12,75,30,49,42,101,18,17
John Pak,59160,-0.05,0.332,-0.047,-0.28,0.21,-0.02,-0.55,-0.05,C,77,80,83,78,68,85,84,173,17,109,19,179,11,83,120,176,166,166,162,96,37,170,96,57,92,81,179,173,168,180,94,101,138,115,159,114
Adam Schenk,47347,-0.05,0.091,-0.051,0.06,-0.09,-0.16,-0.05,-0.05,C,77,86,79,73,78,97,91,40,146,169,90,140,174,88,132,78,114,93,116,1,18,1,17,162,165,79,40,100,176,138,106,49,152,69,71,104
Danny Walker,54607,-0.05,0.159,-0.053,-0.04,-0.14,-0.02,0.24,-0.05,C,77,85,78,78,84,94,89,56,149,146,71,123,59,150,155,51,22,10,43,105,109,85,58,167,144,152,66,10,1,4,130,131,124,83,122,147
Hayden Springer,50484,-0.06,0.294,-0.056,0.2,-0.28,-0.16,0.34,-0.06,C,76,89,76,73,86,87,85,38,132,176,167,88,107,119,113,91,12,74,68,42,161,98,23,87,105,28,17,106,80,97,115,49,109,28,137,137
Tom Hoge,35532,-0.06,0.382,-0.057,-0.61,0.31,-0.01,-0.12,-0.06,C,76,75,85,78,77,82,82,140,93,158,113,112,167,170,143,169,138,159,155,155,18,116,112,146,138,76,119,96,64,152,123,171,138,101,12,67
Takumi Kanaya,47917,-0.06,0.345,-0.057,0.14,-0.4,0.32,0.33,-0.06,C,76,88,75,89,86,84,83,167,1,12,23,156,80,118,176,39,175,11,167,135,174,85,46,42,22,44,87,37,170,48,104,10,27,101,86,2
Noah Goodwin,55165,-0.07,0.103,-0.068,0.0,-0.16,-0.02,0.08,-0.07,C,76,85,78,78,81,97,90,144,21,14,163,133,131,169,28,112,118,125,164,148,154,118,118,20,99,54,55,111,161,132,81,168,27,69,132,62
Zach Johnson,24024,-0.07,0.335,-0.069,-0.37,0.01,-0.05,0.45,-0.07,C,76,79,81,77,88,84,83,176,9,1,125,23,43,93,108,44,159,97,178,63,47,123,92,25,37,142,47,78,22,8,8,64,42,157,8,106
Tony Finau,29725,-0.07,0.161,-0.069,-0.09,-0.14,0.21,-0.12,-0.07,C,76,84,78,85,77,94,89,34,141,89,41,153,138,117,158,150,116,45,67,135,142,157,169,159,153,168,160,56,7,6,167,116,162,157,151,131
Matteo Manassero,33199,-0.08,0.686,-0.078,-0.98,0.27,0.61,0.01,-0.08,C,76,68,84,99,80,65,72,163,100,4,34,157,45,151,112,167,140,179,174,179,150,155,143,69,177,3,140,98,83,170,168,64,91,157,6,1
Will Gordon,56762,-0.08,0.197,-0.079,0.08,-0.07,-0.22,-0.38,-0.08,C,76,87,79,71,72,92,87,8,129,112,123,28,99,28,30,67,167,63,104,27,25,143,50,157,149,155,105,176,14,157,175,131,152,43,106,146
Mackenzie Hughes,35506,-0.08,0.24,-0.085,-0.2,-0.17,0.31,0.07,-0.08,C,76,82,78,89,81,89,86,88,142,94,100,137,128,99,135,92,172,55,114,119,166,134,92,16,81,34,151,12,144,126,101,64,124,157,125,34
Justin Lower,40162,-0.09,0.096,-0.091,-0.1,-0.03,-0.26,-0.08,-0.09,C,76,84,80,70,78,97,90,164,41,55,117,9,157,162,100,104,122,113,161,52,47,169,103,139,125,83,129,44,51,129,128,158,109,101,98,141
Chandler Phillips,57900,-0.09,0.196,-0.092,-0.3,-0.06,0.18,-0.02,-0.09,C,76,80,79,85,79,92,87,157,80,53,77,177,109,133,118,106,123,164,119,161,135,126,116,117,26,113,147,50,81,165,53,28,124,127,102,37
Luke List,27129,-0.09,0.315,-0.092,0.37,-0.37,-0.14,-0.16,-0.09,C,76,92,75,74,76,85,84,55,57,150,134,109,171,17,148,37,161,170,21,67,172,61,122,31,86,49,178,113,175,122,61,171,124,83,30,120
Brice Garnett,29535,-0.11,0.192,-0.107,-0.04,-0.27,0.06,0.18,-0.11,C,75,85,77,81,83,92,87,172,8,104,8,6,70,141,62,56,160,131,168,116,99,159,39,12,17,41,39,96,152,44,47,49,27,127,44,11
Jeremy Paul,50582,-0.11,0.095,-0.11,-0.1,-0.18,-0.0,0.02,-0.11,D,75,84,78,78,80,97,89,42,136,19,24,144,122,95,32,29,169,120,120,125,99,142,46,27,4,124,123,127,58,59,7,49,42,101,61,57
Paul Peterson,36824,-0.12,0.375,-0.116,-0.57,0.01,0.13,0.3,-0.12,D,75,76,81,83,85,82,81,180,3,7,5,94,122,132,145,160,126,67,179,123,47,63,61,34,63,57,77,76,26,107,19,64,10,179,76,90
Hayden Buckley,55708,-0.12,0.261,-0.12,0.11,-0.13,-0.29,-0.51,-0.12,D,75,87,79,69,69,88,84,93,31,175,73,39,126,158,123,27,174,126,140,12,56,63,34,139,113,161,153,174,93,166,148,176,124,36,178,152
Harry Higgs,33597,-0.12,0.192,-0.121,0.05,-0.18,-0.37,0.0,-0.12,D,75,86,78,66,79,92,87,69,112,144,164,174,85,25,167,105,87,60,39,56,119,94,54,103,84,101,73,140,42,91,108,116,152,127,111,144
Min Woo Lee,37378,-0.12,0.331,-0.123,0.01,-0.43,0.35,0.16,-0.12,D,75,86,74,90,83,85,83,5,159,87,172,160,117,154,102,164,67,71,130,108,51,94,36,50,31,24,59,153,67,144,75,131,138,101,14,92
Sahith Theegala,51634,-0.13,0.074,-0.128,-0.16,-0.13,-0.02,-0.18,-0.13,D,75,83,78,78,76,98,90,86,139,100,66,142,144,128,73,138,89,98,41,177,125,131,136,144,87,177,150,103,53,9,106,86,138,169,154,156
Karl Vilips,54304,-0.13,0.194,-0.13,-0.28,0.04,-0.15,-0.41,-0.13,D,75,80,81,73,71,92,87,52,145,174,78,35,1,126,41,110,86,50,112,35,43,138,48,170,172,148,133,36,126,142,84,86,124,83,149,167
Max Homa,39977,-0.13,0.156,-0.134,0.0,-0.28,-0.1,0.07,-0.13,D,75,85,76,75,81,94,88,45,95,170,3,125,125,73,105,119,106,27,91,152,95,161,173,131,159,28,120,2,91,94,117,101,91,157,4,75
Rikuya Hoshino,47056,-0.14,0.133,-0.137,-0.02,-0.28,-0.02,-0.0,-0.14,D,75,85,76,78,79,95,88,121,66,86,160,51,73,157,174,60,31,162,93,127,84,109,101,126,109,69,24,89,115,36,84,101,42,83,55,44
Patton Kizzire,32757,-0.14,0.412,-0.138,-0.44,-0.12,0.51,-0.26,-0.14,D,75,78,79,95,74,80,80,132,90,28,64,79,150,165,92,127,98,20,150,150,114,92,123,164,161,114,37,68,29,177,165,131,69,69,5,69
Quade Cummins,58605,-0.15,0.26,-0.147,0.06,-0.34,-0.21,0.23,-0.15,D,74,86,75,71,84,88,84,91,134,167,176,74,75,80,165,37,85,144,76,122,125,12,134,35,73,24,101,39,121,73,84,64,91,127,9,52
Taylor Montgomery,55789,-0.16,0.676,-0.157,-0.64,-0.24,0.32,0.92,-0.16,D,74,74,77,89,98,66,71,73,176,98,168,144,130,153,126,98,6,7,137,175,146,87,36,8,127,1,2,20,61,15,24,64,42,51,43,26
Beau Hossler,35461,-0.18,0.409,-0.181,-0.29,-0.41,0.43,0.26,-0.18,D,74,80,74,93,85,80,79,98,162,84,120,162,166,160,74,153,61,127,38,143,177,158,63,11,42,21,138,61,121,121,11,20,124,69,38,59
Ben Silverman,39327,-0.19,0.283,-0.186,-0.03,-0.46,0.07,0.2,-0.19,D,73,85,74,81,83,87,82,161,47,36,115,46,136,149,96,88,127,171,141,73,154,98,61,21,115,5,80,84,39,88,100,158,42,83,112,79
Kevin Velo,58619,-0.2,0.231,-0.202,-0.02,-0.29,-0.09,-0.53,-0.2,D,73,85,76,75,69,90,84,152,42,67,159,155,94,168,50,173,111,92,142,27,95,143,147,179,166,178,14,180,130,109,174,158,138,169,175,128
Cam Davis,45157,-0.21,0.141,-0.212,-0.35,-0.2,-0.12,-0.01,-0.21,D,73,79,78,74,79,95,87,60,166,178,139,164,92,94,132,179,121,137,61,106,65,135,100,161,116,135,142,29,28,37,104,49,180,138,126,164
Camilo Villegas,27770,-0.22,0.389,-0.217,-0.74,-0.02,0.04,0.08,-0.22,D,73,73,80,80,81,81,79,147,170,47,43,68,169,178,26,156,51,108,169,50,119,82,58,37,104,106,102,41,141,71,33,131,124,138,73,157
Joe Highsmith,60067,-0.22,0.125,-0.222,-0.1,-0.36,-0.12,-0.12,-0.22,D,73,84,75,74,77,96,87,90,75,137,179,119,120,176,159,180,94,150,97,48,125,15,176,123,146,70,140,15,105,173,120,158,175,115,64,165
Matthew Riedel,64693,-0.25,0.194,-0.246,-0.08,-0.31,-0.49,-0.09,-0.25,D,72,84,76,62,77,92,84,72,108,126,40,65,163,57,77,53,157,134,108,86,123,146,65,156,75,145,28,94,124,122,175,146,152,169,138,149
Adam Hadwin,33399,-0.25,0.218,-0.251,-0.15,-0.46,-0.05,0.05,-0.25,D,72,83,74,77,80,91,84,95,69,143,149,135,116,82,81,174,56,174,138,39,99,160,78,66,48,90,143,129,11,113,37,64,124,145,37,158
Tim Widing,50474,-0.25,0.171,-0.255,-0.01,-0.38,-0.36,-0.25,-0.25,D,72,85,75,66,74,93,85,22,153,152,44,170,95,147,171,15,64,80,20,143,99,151,112,154,169,115,82,87,173,50,123,176,152,83,102,173
Sungjae Im,39971,-0.26,0.672,-0.26,0.31,-0.98,0.53,0.09,-0.26,D,72,91,66,96,81,66,70,119,16,121,166,180,152,69,180,166,76,81,40,132,180,98,156,93,116,88,127,3,99,27,82,146,109,36,67,62
Brian Campbell,46443,-0.27,0.57,-0.273,-1.01,-0.03,0.13,0.23,-0.27,D,71,68,80,83,84,72,72,178,21,139,131,12,164,174,179,177,113,163,180,166,138,73,170,59,121,8,49,122,15,53,142,116,167,164,114,137
Davis Riley,47995,-0.29,0.389,-0.287,-0.46,-0.46,0.27,0.16,-0.29,D,71,78,74,87,82,81,77,66,161,130,156,143,115,173,98,150,104,37,45,152,158,58,163,77,133,46,88,54,91,111,40,171,152,51,115,133
Matthieu Pavon,48153,-0.29,0.311,-0.294,-0.01,-0.48,-0.55,0.05,-0.29,D,71,85,74,60,80,86,80,99,62,150,86,167,101,128,130,122,168,123,83,99,165,98,83,122,173,16,23,149,112,50,138,158,175,164,145,171
Nick Dunlap,59866,-0.36,0.788,-0.361,-1.47,0.13,0.07,0.11,-0.36,D,69,60,82,81,82,60,64,31,178,134,148,97,63,100,59,144,137,107,152,101,77,164,52,46,96,6,115,81,8,137,156,49,175,164,74,145
Kaito Onishi,55623,-0.4,0.345,-0.398,-0.72,-0.38,-0.13,0.08,-0.4,D,68,73,75,74,81,84,76,128,104,153,84,171,98,137,169,157,162,95,158,120,99,45,107,95,150,23,106,70,34,141,84,101,167,138,78,45
Rafael Campos,32070,-0.4,0.189,-0.404,-0.39,-0.53,-0.28,-0.08,-0.4,D,68,79,73,69,78,92,81,79,151,157,161,167,162,103,162,124,138,151,125,174,171,73,129,124,112,120,41,135,121,105,116,178,167,169,144,175
Taylor Dickson,51690,-0.42,0.222,-0.419,-0.3,-0.62,-0.08,-0.39,-0.42,D,68,80,71,76,72,90,80,114,76,110,139,178,87,111,177,117,178,38,156,61,72,118,153,138,70,154,163,77,177,57,172,131,167,179,153,111
Cristobal Del Solar,39859,-0.43,0.33,-0.427,-0.66,-0.46,-0.22,0.11,-0.43,D,68,74,74,71,82,85,77,110,174,180,139,150,135,67,168,65,148,49,153,91,84,40,43,67,92,38,75,137,162,83,18,146,164,169,162,176
Peter Malnati,34466,-0.45,0.512,-0.449,-0.71,-0.64,0.33,0.03,-0.45,D,67,73,71,90,80,75,70,106,179,159,174,157,155,177,157,163,68,177,151,149,173,26,36,110,69,132,95,161,9,24,34,64,175,145,91,106
Will Chandler,58933,-0.46,0.416,-0.463,-0.09,-0.92,0.01,-0.24,-0.46,D,67,84,67,79,74,80,73,130,85,171,158,49,179,172,170,141,177,178,147,172,177,138,157,107,124,86,170,134,52,158,121,158,175,176,10,161
Mason Andersen,52370,-0.5,0.422,-0.498,-0.46,-0.82,0.09,-0.02,-0.5,D,66,77,69,81,79,80,72,135,120,148,177,134,175,135,172,74,133,142,165,180,169,10,123,169,106,121,83,25,71,134,102,101,162,145,112,56
Braden Thornberry,52144,-0.53,0.58,-0.527,-0.6,-0.88,0.06,0.38,-0.53,D,65,75,68,80,87,71,66,103,168,80,49,173,72,180,76,85,158,175,166,141,177,87,167,23,74,73,68,16,85,143,2,146,164,115,20,143
Frankie Capan,49590,-0.62,0.734,-0.616,-1.19,-0.67,-0.03,0.49,-0.62,D,63,65,71,77,89,63,60,32,180,179,178,151,178,163,173,159,146,140,162,164,161,126,179,26,15,30,97,80,32,17,23,116,167,176,99,97
Ryan Palmer,23320,-0.75,0.66,-0.75,-0.03,-1.42,-0.11,-0.87,-0.75,D,60,85,60,75,62,67,60,154,105,119,119,165,180,179,163,111,176,109,102,58,176,79,164,180,178,164,112,144,179,61,173,180,167,28,16,172
